{
  "source": "doc/api/addons.md",
  "modules": [
    {
      "textRaw": "Addons",
      "name": "addons",
      "desc": "<p>Node.js Addons are dynamically-linked shared objects, written in C or C++, that\ncan be loaded into Node.js using the [<code>require()</code>][require] function, and used\njust as if they were an ordinary Node.js module. They are used primarily to\nprovide an interface between JavaScript running in Node.js and C/C++ libraries.</p>\n<p>At the moment, the method for implementing Addons is rather complicated,\ninvolving knowledge of several components and APIs :</p>\n<ul>\n<li><p>V8: the C++ library Node.js currently uses to provide the\nJavaScript implementation. V8 provides the mechanisms for creating objects,\ncalling functions, etc. V8&#39;s API is documented mostly in the\n<code>v8.h</code> header file (<code>deps/v8/include/v8.h</code> in the Node.js source\ntree), which is also available [online][v8-docs].</p>\n</li>\n<li><p>[libuv][]: The C library that implements the Node.js event loop, its worker\nthreads and all of the asynchronous behaviors of the platform. It also\nserves as a cross-platform abstraction library, giving easy, POSIX-like\naccess across all major operating systems to many common system tasks, such\nas interacting with the filesystem, sockets, timers and system events. libuv\nalso provides a pthreads-like threading abstraction that may be used to\npower more sophisticated asynchronous Addons that need to move beyond the\nstandard event loop. Addon authors are encouraged to think about how to\navoid blocking the event loop with I/O or other time-intensive tasks by\noff-loading work via libuv to non-blocking system operations, worker threads\nor a custom use of libuv&#39;s threads.</p>\n</li>\n<li><p>Internal Node.js libraries. Node.js itself exports a number of C/C++ APIs\nthat Addons can use &mdash; the most important of which is the\n<code>node::ObjectWrap</code> class.</p>\n</li>\n<li><p>Node.js includes a number of other statically linked libraries including\nOpenSSL. These other libraries are located in the <code>deps/</code> directory in the\nNode.js source tree. Only the V8 and OpenSSL symbols are purposefully\nre-exported by Node.js and may be used to various extents by Addons.\nSee [Linking to Node.js&#39; own dependencies][] for additional information.</p>\n</li>\n</ul>\n<p>All of the following examples are available for [download][] and may\nbe used as a starting-point for your own Addon.</p>\n",
      "modules": [
        {
          "textRaw": "Hello world",
          "name": "hello_world",
          "desc": "<p>This &quot;Hello world&quot; example is a simple Addon, written in C++, that is the\nequivalent of the following JavaScript code:</p>\n<pre><code class=\"lang-js\">module.exports.hello = () =&gt; &#39;world&#39;;\n</code></pre>\n<p>First, create the file <code>hello.cc</code>:</p>\n<pre><code class=\"lang-cpp\">// hello.cc\n#include &lt;node.h&gt;\n\nnamespace demo {\n\nusing v8::FunctionCallbackInfo;\nusing v8::Isolate;\nusing v8::Local;\nusing v8::Object;\nusing v8::String;\nusing v8::Value;\n\nvoid Method(const FunctionCallbackInfo&lt;Value&gt;&amp; args) {\n  Isolate* isolate = args.GetIsolate();\n  args.GetReturnValue().Set(String::NewFromUtf8(isolate, &quot;world&quot;));\n}\n\nvoid init(Local&lt;Object&gt; exports) {\n  NODE_SET_METHOD(exports, &quot;hello&quot;, Method);\n}\n\nNODE_MODULE(addon, init)\n\n}  // namespace demo\n</code></pre>\n<p>Note that all Node.js Addons must export an initialization function following\nthe pattern:</p>\n<pre><code class=\"lang-cpp\">void Initialize(Local&lt;Object&gt; exports);\nNODE_MODULE(module_name, Initialize)\n</code></pre>\n<p>There is no semi-colon after <code>NODE_MODULE</code> as it&#39;s not a function (see\n<code>node.h</code>).</p>\n<p>The <code>module_name</code> must match the filename of the final binary (excluding\nthe .node suffix).</p>\n<p>In the <code>hello.cc</code> example, then, the initialization function is <code>init</code> and the\nAddon module name is <code>addon</code>.</p>\n",
          "modules": [
            {
              "textRaw": "Building",
              "name": "building",
              "desc": "<p>Once the source code has been written, it must be compiled into the binary\n<code>addon.node</code> file. To do so, create a file called <code>binding.gyp</code> in the\ntop-level of the project describing the build configuration of your module\nusing a JSON-like format. This file is used by [node-gyp][] -- a tool written\nspecifically to compile Node.js Addons.</p>\n<pre><code>{\n  &quot;targets&quot;: [\n    {\n      &quot;target_name&quot;: &quot;addon&quot;,\n      &quot;sources&quot;: [ &quot;hello.cc&quot; ]\n    }\n  ]\n}\n</code></pre><p><em>Note: A version of the <code>node-gyp</code> utility is bundled and distributed with\nNode.js as part of <code>npm</code>. This version is not made directly available for\ndevelopers to use and is intended only to support the ability to use the\n<code>npm install</code> command to compile and install Addons. Developers who wish to\nuse <code>node-gyp</code> directly can install it using the command\n<code>npm install -g node-gyp</code>. See the <code>node-gyp</code> [installation instructions][] for\nmore information, including platform-specific requirements.</em></p>\n<p>Once the <code>binding.gyp</code> file has been created, use <code>node-gyp configure</code> to\ngenerate the appropriate project build files for the current platform. This\nwill generate either a <code>Makefile</code> (on Unix platforms) or a <code>vcxproj</code> file\n(on Windows) in the <code>build/</code> directory.</p>\n<p>Next, invoke the <code>node-gyp build</code> command to generate the compiled <code>addon.node</code>\nfile. This will be put into the <code>build/Release/</code> directory.</p>\n<p>When using <code>npm install</code> to install a Node.js Addon, npm uses its own bundled\nversion of <code>node-gyp</code> to perform this same set of actions, generating a\ncompiled version of the Addon for the user&#39;s platform on demand.</p>\n<p>Once built, the binary Addon can be used from within Node.js by pointing\n[<code>require()</code>][require] to the built <code>addon.node</code> module:</p>\n<pre><code class=\"lang-js\">// hello.js\nconst addon = require(&#39;./build/Release/addon&#39;);\n\nconsole.log(addon.hello()); // &#39;world&#39;\n</code></pre>\n<p>Please see the examples below for further information or\n<a href=\"https://github.com/arturadib/node-qt\">https://github.com/arturadib/node-qt</a> for an example in production.</p>\n<p>Because the exact path to the compiled Addon binary can vary depending on how\nit is compiled (i.e. sometimes it may be in <code>./build/Debug/</code>), Addons can use\nthe [bindings][] package to load the compiled module.</p>\n<p>Note that while the <code>bindings</code> package implementation is more sophisticated\nin how it locates Addon modules, it is essentially using a try-catch pattern\nsimilar to:</p>\n<pre><code class=\"lang-js\">try {\n  return require(&#39;./build/Release/addon.node&#39;);\n} catch (err) {\n  return require(&#39;./build/Debug/addon.node&#39;);\n}\n</code></pre>\n",
              "type": "module",
              "displayName": "Building"
            },
            {
              "textRaw": "Linking to Node.js' own dependencies",
              "name": "linking_to_node.js'_own_dependencies",
              "desc": "<p>Node.js uses a number of statically linked libraries such as V8, libuv and\nOpenSSL. All Addons are required to link to V8 and may link to any of the\nother dependencies as well. Typically, this is as simple as including\nthe appropriate <code>#include &lt;...&gt;</code> statements (e.g. <code>#include &lt;v8.h&gt;</code>) and\n<code>node-gyp</code> will locate the appropriate headers automatically. However, there\nare a few caveats to be aware of:</p>\n<ul>\n<li><p>When <code>node-gyp</code> runs, it will detect the specific release version of Node.js\nand download either the full source tarball or just the headers. If the full\nsource is downloaded, Addons will have complete access to the full set of\nNode.js dependencies. However, if only the Node.js headers are downloaded, then\nonly the symbols exported by Node.js will be available.</p>\n</li>\n<li><p><code>node-gyp</code> can be run using the <code>--nodedir</code> flag pointing at a local Node.js\nsource image. Using this option, the Addon will have access to the full set of\ndependencies.</p>\n</li>\n</ul>\n",
              "type": "module",
              "displayName": "Linking to Node.js' own dependencies"
            },
            {
              "textRaw": "Loading Addons using require()",
              "name": "loading_addons_using_require()",
              "desc": "<p>The filename extension of the compiled Addon binary is <code>.node</code> (as opposed\nto <code>.dll</code> or <code>.so</code>). The [<code>require()</code>][require] function is written to look for\nfiles with the <code>.node</code> file extension and initialize those as dynamically-linked\nlibraries.</p>\n<p>When calling [<code>require()</code>][require], the <code>.node</code> extension can usually be\nomitted and Node.js will still find and initialize the Addon. One caveat,\nhowever, is that Node.js will first attempt to locate and load modules or\nJavaScript files that happen to share the same base name. For instance, if\nthere is a file <code>addon.js</code> in the same directory as the binary <code>addon.node</code>,\nthen [<code>require(&#39;addon&#39;)</code>][require] will give precedence to the <code>addon.js</code> file\nand load it instead.</p>\n",
              "type": "module",
              "displayName": "Loading Addons using require()"
            }
          ],
          "type": "module",
          "displayName": "Hello world"
        },
        {
          "textRaw": "Addon examples",
          "name": "addon_examples",
          "desc": "<p>Following are some example Addons intended to help developers get started. The\nexamples make use of the V8 APIs. Refer to the online [V8 reference][v8-docs]\nfor help with the various V8 calls, and V8&#39;s [Embedder&#39;s Guide][] for an\nexplanation of several concepts used such as handles, scopes, function\ntemplates, etc.</p>\n<p>Each of these examples using the following <code>binding.gyp</code> file:</p>\n<pre><code>{\n  &quot;targets&quot;: [\n    {\n      &quot;target_name&quot;: &quot;addon&quot;,\n      &quot;sources&quot;: [ &quot;addon.cc&quot; ]\n    }\n  ]\n}\n</code></pre><p>In cases where there is more than one <code>.cc</code> file, simply add the additional\nfilename to the <code>sources</code> array. For example:</p>\n<pre><code>&quot;sources&quot;: [&quot;addon.cc&quot;, &quot;myexample.cc&quot;]\n</code></pre><p>Once the <code>binding.gyp</code> file is ready, the example Addons can be configured and\nbuilt using <code>node-gyp</code>:</p>\n<pre><code>$ node-gyp configure build\n</code></pre>",
          "modules": [
            {
              "textRaw": "Function arguments",
              "name": "function_arguments",
              "desc": "<p>Addons will typically expose objects and functions that can be accessed from\nJavaScript running within Node.js. When functions are invoked from JavaScript,\nthe input arguments and return value must be mapped to and from the C/C++\ncode.</p>\n<p>The following example illustrates how to read function arguments passed from\nJavaScript and how to return a result:</p>\n<pre><code class=\"lang-cpp\">// addon.cc\n#include &lt;node.h&gt;\n\nnamespace demo {\n\nusing v8::Exception;\nusing v8::FunctionCallbackInfo;\nusing v8::Isolate;\nusing v8::Local;\nusing v8::Number;\nusing v8::Object;\nusing v8::String;\nusing v8::Value;\n\n// This is the implementation of the &quot;add&quot; method\n// Input arguments are passed using the\n// const FunctionCallbackInfo&lt;Value&gt;&amp; args struct\nvoid Add(const FunctionCallbackInfo&lt;Value&gt;&amp; args) {\n  Isolate* isolate = args.GetIsolate();\n\n  // Check the number of arguments passed.\n  if (args.Length() &lt; 2) {\n    // Throw an Error that is passed back to JavaScript\n    isolate-&gt;ThrowException(Exception::TypeError(\n        String::NewFromUtf8(isolate, &quot;Wrong number of arguments&quot;)));\n    return;\n  }\n\n  // Check the argument types\n  if (!args[0]-&gt;IsNumber() || !args[1]-&gt;IsNumber()) {\n    isolate-&gt;ThrowException(Exception::TypeError(\n        String::NewFromUtf8(isolate, &quot;Wrong arguments&quot;)));\n    return;\n  }\n\n  // Perform the operation\n  double value = args[0]-&gt;NumberValue() + args[1]-&gt;NumberValue();\n  Local&lt;Number&gt; num = Number::New(isolate, value);\n\n  // Set the return value (using the passed in\n  // FunctionCallbackInfo&lt;Value&gt;&amp;)\n  args.GetReturnValue().Set(num);\n}\n\nvoid Init(Local&lt;Object&gt; exports) {\n  NODE_SET_METHOD(exports, &quot;add&quot;, Add);\n}\n\nNODE_MODULE(addon, Init)\n\n}  // namespace demo\n</code></pre>\n<p>Once compiled, the example Addon can be required and used from within Node.js:</p>\n<pre><code class=\"lang-js\">// test.js\nconst addon = require(&#39;./build/Release/addon&#39;);\n\nconsole.log(&#39;This should be eight:&#39;, addon.add(3, 5));\n</code></pre>\n",
              "type": "module",
              "displayName": "Function arguments"
            },
            {
              "textRaw": "Callbacks",
              "name": "callbacks",
              "desc": "<p>It is common practice within Addons to pass JavaScript functions to a C++\nfunction and execute them from there. The following example illustrates how\nto invoke such callbacks:</p>\n<pre><code class=\"lang-cpp\">// addon.cc\n#include &lt;node.h&gt;\n\nnamespace demo {\n\nusing v8::Function;\nusing v8::FunctionCallbackInfo;\nusing v8::Isolate;\nusing v8::Local;\nusing v8::Null;\nusing v8::Object;\nusing v8::String;\nusing v8::Value;\n\nvoid RunCallback(const FunctionCallbackInfo&lt;Value&gt;&amp; args) {\n  Isolate* isolate = args.GetIsolate();\n  Local&lt;Function&gt; cb = Local&lt;Function&gt;::Cast(args[0]);\n  const unsigned argc = 1;\n  Local&lt;Value&gt; argv[argc] = { String::NewFromUtf8(isolate, &quot;hello world&quot;) };\n  cb-&gt;Call(Null(isolate), argc, argv);\n}\n\nvoid Init(Local&lt;Object&gt; exports, Local&lt;Object&gt; module) {\n  NODE_SET_METHOD(module, &quot;exports&quot;, RunCallback);\n}\n\nNODE_MODULE(addon, Init)\n\n}  // namespace demo\n</code></pre>\n<p>Note that this example uses a two-argument form of <code>Init()</code> that receives\nthe full <code>module</code> object as the second argument. This allows the Addon\nto completely overwrite <code>exports</code> with a single function instead of\nadding the function as a property of <code>exports</code>.</p>\n<p>To test it, run the following JavaScript:</p>\n<pre><code class=\"lang-js\">// test.js\nconst addon = require(&#39;./build/Release/addon&#39;);\n\naddon((msg) =&gt; {\n  console.log(msg); // &#39;hello world&#39;\n});\n</code></pre>\n<p>Note that, in this example, the callback function is invoked synchronously.</p>\n",
              "type": "module",
              "displayName": "Callbacks"
            },
            {
              "textRaw": "Object factory",
              "name": "object_factory",
              "desc": "<p>Addons can create and return new objects from within a C++ function as\nillustrated in the following example. An object is created and returned with a\nproperty <code>msg</code> that echoes the string passed to <code>createObject()</code>:</p>\n<pre><code class=\"lang-cpp\">// addon.cc\n#include &lt;node.h&gt;\n\nnamespace demo {\n\nusing v8::FunctionCallbackInfo;\nusing v8::Isolate;\nusing v8::Local;\nusing v8::Object;\nusing v8::String;\nusing v8::Value;\n\nvoid CreateObject(const FunctionCallbackInfo&lt;Value&gt;&amp; args) {\n  Isolate* isolate = args.GetIsolate();\n\n  Local&lt;Object&gt; obj = Object::New(isolate);\n  obj-&gt;Set(String::NewFromUtf8(isolate, &quot;msg&quot;), args[0]-&gt;ToString());\n\n  args.GetReturnValue().Set(obj);\n}\n\nvoid Init(Local&lt;Object&gt; exports, Local&lt;Object&gt; module) {\n  NODE_SET_METHOD(module, &quot;exports&quot;, CreateObject);\n}\n\nNODE_MODULE(addon, Init)\n\n}  // namespace demo\n</code></pre>\n<p>To test it in JavaScript:</p>\n<pre><code class=\"lang-js\">// test.js\nconst addon = require(&#39;./build/Release/addon&#39;);\n\nvar obj1 = addon(&#39;hello&#39;);\nvar obj2 = addon(&#39;world&#39;);\nconsole.log(obj1.msg + &#39; &#39; + obj2.msg); // &#39;hello world&#39;\n</code></pre>\n",
              "type": "module",
              "displayName": "Object factory"
            },
            {
              "textRaw": "Function factory",
              "name": "function_factory",
              "desc": "<p>Another common scenario is creating JavaScript functions that wrap C++\nfunctions and returning those back to JavaScript:</p>\n<pre><code class=\"lang-cpp\">// addon.cc\n#include &lt;node.h&gt;\n\nnamespace demo {\n\nusing v8::Function;\nusing v8::FunctionCallbackInfo;\nusing v8::FunctionTemplate;\nusing v8::Isolate;\nusing v8::Local;\nusing v8::Object;\nusing v8::String;\nusing v8::Value;\n\nvoid MyFunction(const FunctionCallbackInfo&lt;Value&gt;&amp; args) {\n  Isolate* isolate = args.GetIsolate();\n  args.GetReturnValue().Set(String::NewFromUtf8(isolate, &quot;hello world&quot;));\n}\n\nvoid CreateFunction(const FunctionCallbackInfo&lt;Value&gt;&amp; args) {\n  Isolate* isolate = args.GetIsolate();\n\n  Local&lt;FunctionTemplate&gt; tpl = FunctionTemplate::New(isolate, MyFunction);\n  Local&lt;Function&gt; fn = tpl-&gt;GetFunction();\n\n  // omit this to make it anonymous\n  fn-&gt;SetName(String::NewFromUtf8(isolate, &quot;theFunction&quot;));\n\n  args.GetReturnValue().Set(fn);\n}\n\nvoid Init(Local&lt;Object&gt; exports, Local&lt;Object&gt; module) {\n  NODE_SET_METHOD(module, &quot;exports&quot;, CreateFunction);\n}\n\nNODE_MODULE(addon, Init)\n\n}  // namespace demo\n</code></pre>\n<p>To test:</p>\n<pre><code class=\"lang-js\">// test.js\nconst addon = require(&#39;./build/Release/addon&#39;);\n\nvar fn = addon();\nconsole.log(fn()); // &#39;hello world&#39;\n</code></pre>\n",
              "type": "module",
              "displayName": "Function factory"
            },
            {
              "textRaw": "Wrapping C++ objects",
              "name": "wrapping_c++_objects",
              "desc": "<p>It is also possible to wrap C++ objects/classes in a way that allows new\ninstances to be created using the JavaScript <code>new</code> operator:</p>\n<pre><code class=\"lang-cpp\">// addon.cc\n#include &lt;node.h&gt;\n#include &quot;myobject.h&quot;\n\nnamespace demo {\n\nusing v8::Local;\nusing v8::Object;\n\nvoid InitAll(Local&lt;Object&gt; exports) {\n  MyObject::Init(exports);\n}\n\nNODE_MODULE(addon, InitAll)\n\n}  // namespace demo\n</code></pre>\n<p>Then, in <code>myobject.h</code>, the wrapper class inherits from <code>node::ObjectWrap</code>:</p>\n<pre><code class=\"lang-cpp\">// myobject.h\n#ifndef MYOBJECT_H\n#define MYOBJECT_H\n\n#include &lt;node.h&gt;\n#include &lt;node_object_wrap.h&gt;\n\nnamespace demo {\n\nclass MyObject : public node::ObjectWrap {\n public:\n  static void Init(v8::Local&lt;v8::Object&gt; exports);\n\n private:\n  explicit MyObject(double value = 0);\n  ~MyObject();\n\n  static void New(const v8::FunctionCallbackInfo&lt;v8::Value&gt;&amp; args);\n  static void PlusOne(const v8::FunctionCallbackInfo&lt;v8::Value&gt;&amp; args);\n  static v8::Persistent&lt;v8::Function&gt; constructor;\n  double value_;\n};\n\n}  // namespace demo\n\n#endif\n</code></pre>\n<p>In <code>myobject.cc</code>, implement the various methods that are to be exposed.\nBelow, the method <code>plusOne()</code> is exposed by adding it to the constructor&#39;s\nprototype:</p>\n<pre><code class=\"lang-cpp\">// myobject.cc\n#include &quot;myobject.h&quot;\n\nnamespace demo {\n\nusing v8::Context;\nusing v8::Function;\nusing v8::FunctionCallbackInfo;\nusing v8::FunctionTemplate;\nusing v8::Isolate;\nusing v8::Local;\nusing v8::Number;\nusing v8::Object;\nusing v8::Persistent;\nusing v8::String;\nusing v8::Value;\n\nPersistent&lt;Function&gt; MyObject::constructor;\n\nMyObject::MyObject(double value) : value_(value) {\n}\n\nMyObject::~MyObject() {\n}\n\nvoid MyObject::Init(Local&lt;Object&gt; exports) {\n  Isolate* isolate = exports-&gt;GetIsolate();\n\n  // Prepare constructor template\n  Local&lt;FunctionTemplate&gt; tpl = FunctionTemplate::New(isolate, New);\n  tpl-&gt;SetClassName(String::NewFromUtf8(isolate, &quot;MyObject&quot;));\n  tpl-&gt;InstanceTemplate()-&gt;SetInternalFieldCount(1);\n\n  // Prototype\n  NODE_SET_PROTOTYPE_METHOD(tpl, &quot;plusOne&quot;, PlusOne);\n\n  constructor.Reset(isolate, tpl-&gt;GetFunction());\n  exports-&gt;Set(String::NewFromUtf8(isolate, &quot;MyObject&quot;),\n               tpl-&gt;GetFunction());\n}\n\nvoid MyObject::New(const FunctionCallbackInfo&lt;Value&gt;&amp; args) {\n  Isolate* isolate = args.GetIsolate();\n\n  if (args.IsConstructCall()) {\n    // Invoked as constructor: `new MyObject(...)`\n    double value = args[0]-&gt;IsUndefined() ? 0 : args[0]-&gt;NumberValue();\n    MyObject* obj = new MyObject(value);\n    obj-&gt;Wrap(args.This());\n    args.GetReturnValue().Set(args.This());\n  } else {\n    // Invoked as plain function `MyObject(...)`, turn into construct call.\n    const int argc = 1;\n    Local&lt;Value&gt; argv[argc] = { args[0] };\n    Local&lt;Context&gt; context = isolate-&gt;GetCurrentContext();\n    Local&lt;Function&gt; cons = Local&lt;Function&gt;::New(isolate, constructor);\n    Local&lt;Object&gt; result =\n        cons-&gt;NewInstance(context, argc, argv).ToLocalChecked();\n    args.GetReturnValue().Set(result);\n  }\n}\n\nvoid MyObject::PlusOne(const FunctionCallbackInfo&lt;Value&gt;&amp; args) {\n  Isolate* isolate = args.GetIsolate();\n\n  MyObject* obj = ObjectWrap::Unwrap&lt;MyObject&gt;(args.Holder());\n  obj-&gt;value_ += 1;\n\n  args.GetReturnValue().Set(Number::New(isolate, obj-&gt;value_));\n}\n\n}  // namespace demo\n</code></pre>\n<p>To build this example, the <code>myobject.cc</code> file must be added to the\n<code>binding.gyp</code>:</p>\n<pre><code>{\n  &quot;targets&quot;: [\n    {\n      &quot;target_name&quot;: &quot;addon&quot;,\n      &quot;sources&quot;: [\n        &quot;addon.cc&quot;,\n        &quot;myobject.cc&quot;\n      ]\n    }\n  ]\n}\n</code></pre><p>Test it with:</p>\n<pre><code class=\"lang-js\">// test.js\nconst addon = require(&#39;./build/Release/addon&#39;);\n\nvar obj = new addon.MyObject(10);\nconsole.log(obj.plusOne()); // 11\nconsole.log(obj.plusOne()); // 12\nconsole.log(obj.plusOne()); // 13\n</code></pre>\n",
              "type": "module",
              "displayName": "Wrapping C++ objects"
            },
            {
              "textRaw": "Factory of wrapped objects",
              "name": "factory_of_wrapped_objects",
              "desc": "<p>Alternatively, it is possible to use a factory pattern to avoid explicitly\ncreating object instances using the JavaScript <code>new</code> operator:</p>\n<pre><code class=\"lang-js\">var obj = addon.createObject();\n// instead of:\n// var obj = new addon.Object();\n</code></pre>\n<p>First, the <code>createObject()</code> method is implemented in <code>addon.cc</code>:</p>\n<pre><code class=\"lang-cpp\">// addon.cc\n#include &lt;node.h&gt;\n#include &quot;myobject.h&quot;\n\nnamespace demo {\n\nusing v8::FunctionCallbackInfo;\nusing v8::Isolate;\nusing v8::Local;\nusing v8::Object;\nusing v8::String;\nusing v8::Value;\n\nvoid CreateObject(const FunctionCallbackInfo&lt;Value&gt;&amp; args) {\n  MyObject::NewInstance(args);\n}\n\nvoid InitAll(Local&lt;Object&gt; exports, Local&lt;Object&gt; module) {\n  MyObject::Init(exports-&gt;GetIsolate());\n\n  NODE_SET_METHOD(module, &quot;exports&quot;, CreateObject);\n}\n\nNODE_MODULE(addon, InitAll)\n\n}  // namespace demo\n</code></pre>\n<p>In <code>myobject.h</code>, the static method <code>NewInstance()</code> is added to handle\ninstantiating the object. This method takes the place of using <code>new</code> in\nJavaScript:</p>\n<pre><code class=\"lang-cpp\">// myobject.h\n#ifndef MYOBJECT_H\n#define MYOBJECT_H\n\n#include &lt;node.h&gt;\n#include &lt;node_object_wrap.h&gt;\n\nnamespace demo {\n\nclass MyObject : public node::ObjectWrap {\n public:\n  static void Init(v8::Isolate* isolate);\n  static void NewInstance(const v8::FunctionCallbackInfo&lt;v8::Value&gt;&amp; args);\n\n private:\n  explicit MyObject(double value = 0);\n  ~MyObject();\n\n  static void New(const v8::FunctionCallbackInfo&lt;v8::Value&gt;&amp; args);\n  static void PlusOne(const v8::FunctionCallbackInfo&lt;v8::Value&gt;&amp; args);\n  static v8::Persistent&lt;v8::Function&gt; constructor;\n  double value_;\n};\n\n}  // namespace demo\n\n#endif\n</code></pre>\n<p>The implementation in <code>myobject.cc</code> is similar to the previous example:</p>\n<pre><code class=\"lang-cpp\">// myobject.cc\n#include &lt;node.h&gt;\n#include &quot;myobject.h&quot;\n\nnamespace demo {\n\nusing v8::Context;\nusing v8::Function;\nusing v8::FunctionCallbackInfo;\nusing v8::FunctionTemplate;\nusing v8::Isolate;\nusing v8::Local;\nusing v8::Number;\nusing v8::Object;\nusing v8::Persistent;\nusing v8::String;\nusing v8::Value;\n\nPersistent&lt;Function&gt; MyObject::constructor;\n\nMyObject::MyObject(double value) : value_(value) {\n}\n\nMyObject::~MyObject() {\n}\n\nvoid MyObject::Init(Isolate* isolate) {\n  // Prepare constructor template\n  Local&lt;FunctionTemplate&gt; tpl = FunctionTemplate::New(isolate, New);\n  tpl-&gt;SetClassName(String::NewFromUtf8(isolate, &quot;MyObject&quot;));\n  tpl-&gt;InstanceTemplate()-&gt;SetInternalFieldCount(1);\n\n  // Prototype\n  NODE_SET_PROTOTYPE_METHOD(tpl, &quot;plusOne&quot;, PlusOne);\n\n  constructor.Reset(isolate, tpl-&gt;GetFunction());\n}\n\nvoid MyObject::New(const FunctionCallbackInfo&lt;Value&gt;&amp; args) {\n  Isolate* isolate = args.GetIsolate();\n\n  if (args.IsConstructCall()) {\n    // Invoked as constructor: `new MyObject(...)`\n    double value = args[0]-&gt;IsUndefined() ? 0 : args[0]-&gt;NumberValue();\n    MyObject* obj = new MyObject(value);\n    obj-&gt;Wrap(args.This());\n    args.GetReturnValue().Set(args.This());\n  } else {\n    // Invoked as plain function `MyObject(...)`, turn into construct call.\n    const int argc = 1;\n    Local&lt;Value&gt; argv[argc] = { args[0] };\n    Local&lt;Function&gt; cons = Local&lt;Function&gt;::New(isolate, constructor);\n    Local&lt;Context&gt; context = isolate-&gt;GetCurrentContext();\n    Local&lt;Object&gt; instance =\n        cons-&gt;NewInstance(context, argc, argv).ToLocalChecked();\n    args.GetReturnValue().Set(instance);\n  }\n}\n\nvoid MyObject::NewInstance(const FunctionCallbackInfo&lt;Value&gt;&amp; args) {\n  Isolate* isolate = args.GetIsolate();\n\n  const unsigned argc = 1;\n  Local&lt;Value&gt; argv[argc] = { args[0] };\n  Local&lt;Function&gt; cons = Local&lt;Function&gt;::New(isolate, constructor);\n  Local&lt;Context&gt; context = isolate-&gt;GetCurrentContext();\n  Local&lt;Object&gt; instance =\n      cons-&gt;NewInstance(context, argc, argv).ToLocalChecked();\n\n  args.GetReturnValue().Set(instance);\n}\n\nvoid MyObject::PlusOne(const FunctionCallbackInfo&lt;Value&gt;&amp; args) {\n  Isolate* isolate = args.GetIsolate();\n\n  MyObject* obj = ObjectWrap::Unwrap&lt;MyObject&gt;(args.Holder());\n  obj-&gt;value_ += 1;\n\n  args.GetReturnValue().Set(Number::New(isolate, obj-&gt;value_));\n}\n\n}  // namespace demo\n</code></pre>\n<p>Once again, to build this example, the <code>myobject.cc</code> file must be added to the\n<code>binding.gyp</code>:</p>\n<pre><code>{\n  &quot;targets&quot;: [\n    {\n      &quot;target_name&quot;: &quot;addon&quot;,\n      &quot;sources&quot;: [\n        &quot;addon.cc&quot;,\n        &quot;myobject.cc&quot;\n      ]\n    }\n  ]\n}\n</code></pre><p>Test it with:</p>\n<pre><code class=\"lang-js\">// test.js\nconst createObject = require(&#39;./build/Release/addon&#39;);\n\nvar obj = createObject(10);\nconsole.log(obj.plusOne()); // 11\nconsole.log(obj.plusOne()); // 12\nconsole.log(obj.plusOne()); // 13\n\nvar obj2 = createObject(20);\nconsole.log(obj2.plusOne()); // 21\nconsole.log(obj2.plusOne()); // 22\nconsole.log(obj2.plusOne()); // 23\n</code></pre>\n",
              "type": "module",
              "displayName": "Factory of wrapped objects"
            },
            {
              "textRaw": "Passing wrapped objects around",
              "name": "passing_wrapped_objects_around",
              "desc": "<p>In addition to wrapping and returning C++ objects, it is possible to pass\nwrapped objects around by unwrapping them with the Node.js helper function\n<code>node::ObjectWrap::Unwrap</code>. The following examples shows a function <code>add()</code>\nthat can take two <code>MyObject</code> objects as input arguments:</p>\n<pre><code class=\"lang-cpp\">// addon.cc\n#include &lt;node.h&gt;\n#include &lt;node_object_wrap.h&gt;\n#include &quot;myobject.h&quot;\n\nnamespace demo {\n\nusing v8::FunctionCallbackInfo;\nusing v8::Isolate;\nusing v8::Local;\nusing v8::Number;\nusing v8::Object;\nusing v8::String;\nusing v8::Value;\n\nvoid CreateObject(const FunctionCallbackInfo&lt;Value&gt;&amp; args) {\n  MyObject::NewInstance(args);\n}\n\nvoid Add(const FunctionCallbackInfo&lt;Value&gt;&amp; args) {\n  Isolate* isolate = args.GetIsolate();\n\n  MyObject* obj1 = node::ObjectWrap::Unwrap&lt;MyObject&gt;(\n      args[0]-&gt;ToObject());\n  MyObject* obj2 = node::ObjectWrap::Unwrap&lt;MyObject&gt;(\n      args[1]-&gt;ToObject());\n\n  double sum = obj1-&gt;value() + obj2-&gt;value();\n  args.GetReturnValue().Set(Number::New(isolate, sum));\n}\n\nvoid InitAll(Local&lt;Object&gt; exports) {\n  MyObject::Init(exports-&gt;GetIsolate());\n\n  NODE_SET_METHOD(exports, &quot;createObject&quot;, CreateObject);\n  NODE_SET_METHOD(exports, &quot;add&quot;, Add);\n}\n\nNODE_MODULE(addon, InitAll)\n\n}  // namespace demo\n</code></pre>\n<p>In <code>myobject.h</code>, a new public method is added to allow access to private values\nafter unwrapping the object.</p>\n<pre><code class=\"lang-cpp\">// myobject.h\n#ifndef MYOBJECT_H\n#define MYOBJECT_H\n\n#include &lt;node.h&gt;\n#include &lt;node_object_wrap.h&gt;\n\nnamespace demo {\n\nclass MyObject : public node::ObjectWrap {\n public:\n  static void Init(v8::Isolate* isolate);\n  static void NewInstance(const v8::FunctionCallbackInfo&lt;v8::Value&gt;&amp; args);\n  inline double value() const { return value_; }\n\n private:\n  explicit MyObject(double value = 0);\n  ~MyObject();\n\n  static void New(const v8::FunctionCallbackInfo&lt;v8::Value&gt;&amp; args);\n  static v8::Persistent&lt;v8::Function&gt; constructor;\n  double value_;\n};\n\n}  // namespace demo\n\n#endif\n</code></pre>\n<p>The implementation of <code>myobject.cc</code> is similar to before:</p>\n<pre><code class=\"lang-cpp\">// myobject.cc\n#include &lt;node.h&gt;\n#include &quot;myobject.h&quot;\n\nnamespace demo {\n\nusing v8::Context;\nusing v8::Function;\nusing v8::FunctionCallbackInfo;\nusing v8::FunctionTemplate;\nusing v8::Isolate;\nusing v8::Local;\nusing v8::Object;\nusing v8::Persistent;\nusing v8::String;\nusing v8::Value;\n\nPersistent&lt;Function&gt; MyObject::constructor;\n\nMyObject::MyObject(double value) : value_(value) {\n}\n\nMyObject::~MyObject() {\n}\n\nvoid MyObject::Init(Isolate* isolate) {\n  // Prepare constructor template\n  Local&lt;FunctionTemplate&gt; tpl = FunctionTemplate::New(isolate, New);\n  tpl-&gt;SetClassName(String::NewFromUtf8(isolate, &quot;MyObject&quot;));\n  tpl-&gt;InstanceTemplate()-&gt;SetInternalFieldCount(1);\n\n  constructor.Reset(isolate, tpl-&gt;GetFunction());\n}\n\nvoid MyObject::New(const FunctionCallbackInfo&lt;Value&gt;&amp; args) {\n  Isolate* isolate = args.GetIsolate();\n\n  if (args.IsConstructCall()) {\n    // Invoked as constructor: `new MyObject(...)`\n    double value = args[0]-&gt;IsUndefined() ? 0 : args[0]-&gt;NumberValue();\n    MyObject* obj = new MyObject(value);\n    obj-&gt;Wrap(args.This());\n    args.GetReturnValue().Set(args.This());\n  } else {\n    // Invoked as plain function `MyObject(...)`, turn into construct call.\n    const int argc = 1;\n    Local&lt;Value&gt; argv[argc] = { args[0] };\n    Local&lt;Context&gt; context = isolate-&gt;GetCurrentContext();\n    Local&lt;Function&gt; cons = Local&lt;Function&gt;::New(isolate, constructor);\n    Local&lt;Object&gt; instance =\n        cons-&gt;NewInstance(context, argc, argv).ToLocalChecked();\n    args.GetReturnValue().Set(instance);\n  }\n}\n\nvoid MyObject::NewInstance(const FunctionCallbackInfo&lt;Value&gt;&amp; args) {\n  Isolate* isolate = args.GetIsolate();\n\n  const unsigned argc = 1;\n  Local&lt;Value&gt; argv[argc] = { args[0] };\n  Local&lt;Function&gt; cons = Local&lt;Function&gt;::New(isolate, constructor);\n  Local&lt;Context&gt; context = isolate-&gt;GetCurrentContext();\n  Local&lt;Object&gt; instance =\n      cons-&gt;NewInstance(context, argc, argv).ToLocalChecked();\n\n  args.GetReturnValue().Set(instance);\n}\n\n}  // namespace demo\n</code></pre>\n<p>Test it with:</p>\n<pre><code class=\"lang-js\">// test.js\nconst addon = require(&#39;./build/Release/addon&#39;);\n\nvar obj1 = addon.createObject(10);\nvar obj2 = addon.createObject(20);\nvar result = addon.add(obj1, obj2);\n\nconsole.log(result); // 30\n</code></pre>\n",
              "type": "module",
              "displayName": "Passing wrapped objects around"
            },
            {
              "textRaw": "AtExit hooks",
              "name": "atexit_hooks",
              "desc": "<p>An &quot;AtExit&quot; hook is a function that is invoked after the Node.js event loop\nhas ended by before the JavaScript VM is terminated and Node.js shuts down.\n&quot;AtExit&quot; hooks are registered using the <code>node::AtExit</code> API.</p>\n",
              "modules": [
                {
                  "textRaw": "void AtExit(callback, args)",
                  "name": "void_atexit(callback,_args)",
                  "desc": "<ul>\n<li><code>callback</code>: <code>void (*)(void*)</code> - A pointer to the function to call at exit.</li>\n<li><code>args</code>: <code>void*</code> - A pointer to pass to the callback at exit.</li>\n</ul>\n<p>Registers exit hooks that run after the event loop has ended but before the VM\nis killed.</p>\n<p>AtExit takes two parameters: a pointer to a callback function to run at exit,\nand a pointer to untyped context data to be passed to that callback.</p>\n<p>Callbacks are run in last-in first-out order.</p>\n<p>The following <code>addon.cc</code> implements AtExit:</p>\n<pre><code class=\"lang-cpp\">// addon.cc\n#undef NDEBUG\n#include &lt;assert.h&gt;\n#include &lt;stdlib.h&gt;\n#include &lt;node.h&gt;\n\nnamespace demo {\n\nusing node::AtExit;\nusing v8::HandleScope;\nusing v8::Isolate;\nusing v8::Local;\nusing v8::Object;\n\nstatic char cookie[] = &quot;yum yum&quot;;\nstatic int at_exit_cb1_called = 0;\nstatic int at_exit_cb2_called = 0;\n\nstatic void at_exit_cb1(void* arg) {\n  Isolate* isolate = static_cast&lt;Isolate*&gt;(arg);\n  HandleScope scope(isolate);\n  Local&lt;Object&gt; obj = Object::New(isolate);\n  assert(!obj.IsEmpty()); // assert VM is still alive\n  assert(obj-&gt;IsObject());\n  at_exit_cb1_called++;\n}\n\nstatic void at_exit_cb2(void* arg) {\n  assert(arg == static_cast&lt;void*&gt;(cookie));\n  at_exit_cb2_called++;\n}\n\nstatic void sanity_check(void*) {\n  assert(at_exit_cb1_called == 1);\n  assert(at_exit_cb2_called == 2);\n}\n\nvoid init(Local&lt;Object&gt; exports) {\n  AtExit(sanity_check);\n  AtExit(at_exit_cb2, cookie);\n  AtExit(at_exit_cb2, cookie);\n  AtExit(at_exit_cb1, exports-&gt;GetIsolate());\n}\n\nNODE_MODULE(addon, init);\n\n}  // namespace demo\n</code></pre>\n<p>Test in JavaScript by running:</p>\n<pre><code class=\"lang-js\">// test.js\nconst addon = require(&#39;./build/Release/addon&#39;);\n</code></pre>\n",
                  "type": "module",
                  "displayName": "void AtExit(callback, args)"
                }
              ],
              "type": "module",
              "displayName": "AtExit hooks"
            }
          ],
          "type": "module",
          "displayName": "Addon examples"
        }
      ],
      "properties": [
        {
          "textRaw": "Native Abstractions for Node.js",
          "name": "js",
          "desc": "<p>Each of the examples illustrated in this document make direct use of the\nNode.js and V8 APIs for implementing Addons. It is important to understand\nthat the V8 API can, and has, changed dramatically from one V8 release to the\nnext (and one major Node.js release to the next). With each change, Addons may\nneed to be updated and recompiled in order to continue functioning. The Node.js\nrelease schedule is designed to minimize the frequency and impact of such\nchanges but there is little that Node.js can do currently to ensure stability\nof the V8 APIs.</p>\n<p>The [Native Abstractions for Node.js][] (or <code>nan</code>) provide a set of tools that\nAddon developers are recommended to use to keep compatibility between past and\nfuture releases of V8 and Node.js. See the <code>nan</code> [examples][] for an\nillustration of how it can be used.</p>\n"
        }
      ],
      "type": "module",
      "displayName": "Addons"
    }
  ]
}
